{
  "data_version": 2,
  "lastLogin": 1628039187231,
  "lastIP": "/25.0.196.103",
  "usedKits": {
    "inicial": 1627865753708
  },
  "firstJoin": 1627865753677,
  "firstJoinProcessed": true,
  "vanish": false,
  "jailOnNextLogin": false,
  "lastKnownName": "fehzin",
  "fly": true,
  "homes": {
    "safari": {
      "x": -4995.890423498172,
      "y": 34.618302014844225,
      "z": -5005.691235677817,
      "rotx": 21.149959564208984,
      "roty": -328.35272216796875,
      "rotz": 0,
      "world": "3cbb4072-006a-48cb-910e-35288b70bb78"
    }
  },
  "powertools": {}
}