{
  "data_version": 1,
  "s[pawn-rotation": {
    "rotx": -12.749996185302734,
    "roty": 2.098736047744751,
    "rotz": 0.0
  }
}