{
  "data_version": 2,
  "lastLogin": 1629155843071,
  "lastIP": "/25.7.63.84",
  "usedKits": {
    "inicial": 1628567246203,
    "sajd+": 1627866089707,
    "dyoutuber": 1627866102558,
    "dmod": 1627866112807,
    "caixas": 1628550514668,
    "diario": 1628569006259,
    "farm": 1628569096263,
    "casa": 1628569157761,
    "ajuda": 1628569175005,
    "orion": 1629070609966,
    "urano": 1629070713516,
    "beta": 1629070961066
  },
  "firstJoin": 1627696719790,
  "firstJoinProcessed": true,
  "vanish": false,
  "jailOnNextLogin": false,
  "lastKnownName": "Zooaa",
  "fly": false,
  "homes": {
    "spawn": {
      "x": 5000.446830309386,
      "y": 52,
      "z": 5000.549015651305,
      "rotx": 89.8499984741211,
      "roty": 157.49960327148438,
      "rotz": 0,
      "world": "3cbb4072-006a-48cb-910e-35288b70bb78"
    },
    "arena1": {
      "x": 1184.9900896122435,
      "y": 118,
      "z": 2098.1449403907895,
      "rotx": 23.24996566772461,
      "roty": 319.4996643066406,
      "rotz": 0,
      "world": "2cb928d5-51b7-47b6-ae6b-989477f43099"
    },
    "safari": {
      "x": -4999.466593465241,
      "y": 31,
      "z": -4999.699999988079,
      "rotx": 28.949993133544922,
      "roty": -81.1527099609375,
      "rotz": 0,
      "world": "3cbb4072-006a-48cb-910e-35288b70bb78"
    },
    "lala": {
      "x": -4999.5,
      "y": 38,
      "z": 5000.5,
      "rotx": 89.39999389648438,
      "roty": -52.36526870727539,
      "rotz": 0,
      "world": "3cbb4072-006a-48cb-910e-35288b70bb78"
    },
    "theend": {
      "x": -4238.927503625888,
      "y": 114,
      "z": 545.8308605262885,
      "rotx": 28.350107192993164,
      "roty": -43.693458557128906,
      "rotz": 0,
      "world": "bad07937-fc1b-4242-af00-53159f0aea67"
    },
    "theend2": {
      "x": -1766.2847693104538,
      "y": 64,
      "z": 2152.773811985408,
      "rotx": 35.70029830932617,
      "roty": -359.88067626953125,
      "rotz": 0,
      "world": "bad07937-fc1b-4242-af00-53159f0aea67"
    }
  },
  "user-prefs": {
    "nucleus:powertool-toggle": true
  },
  "isFrozen": false,
  "powertools": {}
}