{
  "data_version": 2,
  "lastLogin": 1628545660394,
  "lastIP": "/25.7.63.84",
  "usedKits": {
    "inicial": 1627696720118,
    "sajd+": 1627866089707,
    "dyoutuber": 1627866102558,
    "dmod": 1627866112807
  },
  "firstJoin": 1627696719790,
  "firstJoinProcessed": true,
  "vanish": false,
  "jailOnNextLogin": false,
  "lastKnownName": "Zooaa",
  "fly": false,
  "homes": {
    "spawn": {
      "x": 5000.446830309386,
      "y": 52,
      "z": 5000.549015651305,
      "rotx": 89.8499984741211,
      "roty": 157.49960327148438,
      "rotz": 0,
      "world": "3cbb4072-006a-48cb-910e-35288b70bb78"
    },
    "arena1": {
      "x": 1184.9900896122435,
      "y": 118,
      "z": 2098.1449403907895,
      "rotx": 23.24996566772461,
      "roty": 319.4996643066406,
      "rotz": 0,
      "world": "2cb928d5-51b7-47b6-ae6b-989477f43099"
    },
    "safari": {
      "x": -4999.466593465241,
      "y": 31,
      "z": -4999.699999988079,
      "rotx": 28.949993133544922,
      "roty": -81.1527099609375,
      "rotz": 0,
      "world": "3cbb4072-006a-48cb-910e-35288b70bb78"
    },
    "lala": {
      "x": -4999.5,
      "y": 38,
      "z": 5000.5,
      "rotx": 89.39999389648438,
      "roty": -52.36526870727539,
      "rotz": 0,
      "world": "3cbb4072-006a-48cb-910e-35288b70bb78"
    }
  },
  "powertools": {}
}