{
  "data_version": 2,
  "lastLogin": 1629866507792,
  "lastIP": "/26.131.40.120",
  "usedKits": {
    "inicial": 1629611486883,
    "sajd+": 1627866089707,
    "dyoutuber": 1627866102558,
    "dmod": 1627866112807,
    "caixas": 1628550514668,
    "diario": 1629858135621,
    "farm": 1628569096263,
    "casa": 1629613162739,
    "ajuda": 1629858265509,
    "orion": 1629070609966,
    "urano": 1629854355805,
    "beta": 1629855062128,
    "nemesis": 1629827630809
  },
  "firstJoin": 1627696719790,
  "firstJoinProcessed": true,
  "vanish": false,
  "jailOnNextLogin": false,
  "lastKnownName": "Zooaa",
  "fly": true,
  "homes": {
    "spawn": {
      "x": 5000.446830309386,
      "y": 52.0,
      "z": 5000.549015651305,
      "rotx": 89.8499984741211,
      "roty": 157.49960327148438,
      "rotz": 0.0,
      "world": "3cbb4072-006a-48cb-910e-35288b70bb78"
    },
    "arena1": {
      "x": 1184.9900896122435,
      "y": 118.0,
      "z": 2098.1449403907895,
      "rotx": 23.24996566772461,
      "roty": 319.4996643066406,
      "rotz": 0.0,
      "world": "2cb928d5-51b7-47b6-ae6b-989477f43099"
    },
    "safari": {
      "x": -4999.466593465241,
      "y": 31.0,
      "z": -4999.699999988079,
      "rotx": 28.949993133544922,
      "roty": -81.1527099609375,
      "rotz": 0.0,
      "world": "3cbb4072-006a-48cb-910e-35288b70bb78"
    },
    "lala": {
      "x": -4999.5,
      "y": 38.0,
      "z": 5000.5,
      "rotx": 89.39999389648438,
      "roty": -52.36526870727539,
      "rotz": 0.0,
      "world": "3cbb4072-006a-48cb-910e-35288b70bb78"
    },
    "theend": {
      "x": -4238.927503625888,
      "y": 114.0,
      "z": 545.8308605262885,
      "rotx": 28.350107192993164,
      "roty": -43.693458557128906,
      "rotz": 0.0,
      "world": "bad07937-fc1b-4242-af00-53159f0aea67"
    },
    "theend2": {
      "x": -1766.2847693104538,
      "y": 64.0,
      "z": 2152.773811985408,
      "rotx": 35.70029830932617,
      "roty": -359.88067626953125,
      "rotz": 0.0,
      "world": "bad07937-fc1b-4242-af00-53159f0aea67"
    },
    "bonus": {
      "x": -735.9180085939918,
      "y": 102.0,
      "z": -1085.058225642806,
      "rotx": 61.50001907348633,
      "roty": 260.6962890625,
      "rotz": 0.0,
      "world": "2be10545-3288-40c7-88f5-48eef4a16fc1"
    },
    "deletar": {
      "x": 3088.7569670117678,
      "y": 75.0,
      "z": 3098.5834436715063,
      "rotx": 19.05000114440918,
      "roty": 192.4483184814453,
      "rotz": 0.0,
      "world": "3cbb4072-006a-48cb-910e-35288b70bb78"
    },
    "poison": {
      "x": 1382.597124748558,
      "y": 59.0,
      "z": 1025.1791625656144,
      "rotx": 4.950036525726318,
      "roty": -19.308258056640625,
      "rotz": 0.0,
      "world": "2cb928d5-51b7-47b6-ae6b-989477f43099"
    },
    "ground": {
      "x": 1056.3123443943564,
      "y": 224.0,
      "z": 3445.2590172323494,
      "rotx": 52.349979400634766,
      "roty": -2.05841064453125,
      "rotz": 0.0,
      "world": "2cb928d5-51b7-47b6-ae6b-989477f43099"
    }
  },
  "user-prefs": {
    "nucleus:powertool-toggle": true
  },
  "isFrozen": false,
  "powertools": {}
}